[{"model": "db_intro.blogpost", "pk": 1, "fields": {"title": "Manche Hunde sind super", "user_email": "user@example.com", "created_at": "2024-11-15T08:03:34.566Z"}}, {"model": "db_intro.blogpost", "pk": 2, "fields": {"title": "Autos sind schnell", "user_email": "info@porsche.de", "created_at": "2024-11-15T08:06:45.278Z"}}, {"model": "db_intro.blogpost", "pk": 3, "fields": {"title": "Flugzeuge fliegen hoch", "user_email": "info@ryanair.ir", "created_at": "2024-11-15T08:10:21.013Z"}}, {"model": "db_intro.blogpost", "pk": 4, "fields": {"title": "Katzen sind super", "user_email": "user@example.com", "created_at": "2024-11-15T08:25:42.319Z"}}, {"model": "db_intro.author", "pk": 2, "fields": {"name": "Marianne Scholz"}}, {"model": "db_intro.book", "pk": 2, "fields": {"title": "Gesund essen, Gesund bleiben", "author": 2}}, {"model": "db_intro.student", "pk": 1, "fields": {"name": "Alice"}}, {"model": "db_intro.student", "pk": 2, "fields": {"name": "Bob"}}, {"model": "db_intro.student", "pk": 3, "fields": {"name": "Charlie"}}, {"model": "db_intro.course", "pk": 1, "fields": {"title": "Mathematics", "students": [1, 3]}}, {"model": "db_intro.course", "pk": 2, "fields": {"title": "Physics", "students": [1, 2]}}, {"model": "db_intro.course", "pk": 3, "fields": {"title": "Chemie", "students": []}}, {"model": "db_intro.course", "pk": 4, "fields": {"title": "english", "students": [1]}}, {"model": "db_intro.membership", "pk": 1, "fields": {"student": 3, "course": 4, "enroll_date": "2024-10-15"}}, {"model": "db_intro.user", "pk": 2, "fields": {"username": "Daniel"}}, {"model": "db_intro.profile", "pk": 1, "fields": {"user": 2, "email": "daniel@me.com"}}, {"model": "ecommerce.category", "pk": 1, "fields": {"name": "Electronics"}}, {"model": "ecommerce.category", "pk": 3, "fields": {"name": "Clothing"}}, {"model": "ecommerce.product", "pk": 1, "fields": {"name": "Laptop", "description": "High-performance gaming laptop", "price": 1500.0, "category": 1}}, {"model": "ecommerce.product", "pk": 3, "fields": {"name": "Smartphone", "description": "Latest model smartphone", "price": 800.0, "category": 1}}, {"model": "ecommerce.product", "pk": 5, "fields": {"name": "Headphones", "description": "Noise-cancelling headphones", "price": 200.0, "category": 1}}, {"model": "ecommerce.product", "pk": 6, "fields": {"name": "T-Shirt", "description": "Comfortable cotton t-shirt", "price": 20.0, "category": 3}}, {"model": "ecommerce.product", "pk": 7, "fields": {"name": "Jeans", "description": "Stylish denim jeans", "price": 50.0, "category": 3}}, {"model": "ecommerce.customer", "pk": 1, "fields": {"name": "John Doe", "email": "john.doe@example.com"}}, {"model": "ecommerce.customer", "pk": 2, "fields": {"name": "Jane Smith", "email": "jane.smith@example.com"}}, {"model": "ecommerce.customer", "pk": 3, "fields": {"name": "Bob Brown", "email": "brownie@brown.com"}}, {"model": "ecommerce.order", "pk": 1, "fields": {"customer": 1, "order_date": "2024-11-19T08:16:09.443Z", "product": [1, 6]}}, {"model": "ecommerce.order", "pk": 2, "fields": {"customer": 3, "order_date": "2024-11-19T08:58:37.211Z", "product": [3, 7]}}, {"model": "ecommerce.order", "pk": 3, "fields": {"customer": 2, "order_date": "2024-11-19T09:02:59.719Z", "product": [3, 6]}}, {"model": "ecommerce.simpleorder", "pk": 1, "fields": {"name": "Bernd Schneider", "city": "Köln", "email": "('bernd@koeln.net',)", "product": "product4", "order_date": "2024-11-19T10:08:02.779Z"}}, {"model": "ecommerce.simpleorder", "pk": 2, "fields": {"name": "dfasdf", "city": "dfsdfd", "email": "('dafd@dfd.de',)", "product": "product1", "order_date": "2024-11-19T10:11:00.212Z"}}, {"model": "ecommerce.simpleorder", "pk": 3, "fields": {"name": "Sebastian", "city": "Berlin", "email": "('seb@seb.net',)", "product": "product3", "order_date": "2024-11-19T12:12:25.739Z"}}, {"model": "ecommerce.simpleorder", "pk": 4, "fields": {"name": "Helga", "city": "Ulm", "email": "('helga@ulm.net',)", "product": "product5", "order_date": "2024-11-19T12:40:50.391Z"}}, {"model": "book.book", "pk": 6, "fields": {"title": "Django 4 By Example", "author": "Antonio Melé", "genre": "nonfiction", "published_date": "2015-11-01", "page_number": 742}}, {"model": "book.book", "pk": 7, "fields": {"title": "Harry Potter and the Prisoner of Askaban", "author": "J.K. Rowlin", "genre": "fiction", "published_date": "1999-06-04", "page_number": 400}}, {"model": "events.event", "pk": 1, "fields": {"title": "Birthday", "date_time": "2024-11-23T08:50:00Z", "location": "Moers", "description": "KBBP", "max_participants": 1, "category": "workshop"}}, {"model": "events.event", "pk": 3, "fields": {"title": "test", "date_time": "2024-11-22T09:01:00Z", "location": "Balkon", "description": "Hurra", "max_participants": 5, "category": "workshop"}}, {"model": "events.event", "pk": 4, "fields": {"title": "Party", "date_time": "2024-11-22T09:20:00Z", "location": "Dohoam", "description": "Hurra Party", "max_participants": 3, "category": "seminar"}}, {"model": "events.event", "pk": 5, "fields": {"title": "Sebastian", "date_time": "2024-11-23T09:22:00Z", "location": "München", "description": "Test", "max_participants": 3, "category": "seminar"}}, {"model": "events.event", "pk": 6, "fields": {"title": "Bravo", "date_time": "2024-11-22T09:25:00Z", "location": "Köln", "description": "Karneval", "max_participants": 4000, "category": "workshop"}}, {"model": "events.event", "pk": 7, "fields": {"title": "Jetzt aber", "date_time": "2024-11-22T09:31:00Z", "location": "Düsseldorf", "description": "Hurra die Schule brennt", "max_participants": 4, "category": "workshop"}}, {"model": "events.event", "pk": 8, "fields": {"title": "Another Test", "date_time": "2024-11-23T09:38:00Z", "location": "Hamburg", "description": "Juhu", "max_participants": 6, "category": "workshop"}}, {"model": "events.event", "pk": 9, "fields": {"title": "Fasching", "date_time": "2025-02-20T09:51:00Z", "location": "Westerheim", "description": "Rocknight", "max_participants": 400, "category": "conference"}}, {"model": "events.event", "pk": 10, "fields": {"title": "Star Wars Day", "date_time": "2025-05-04T09:56:00Z", "location": "Skywalker Ranch", "description": "Lightsaber fun", "max_participants": 5999, "category": "conference"}}, {"model": "contenttypes.contenttype", "fields": {"app_label": "db_intro", "model": "blogpost"}}, {"model": "contenttypes.contenttype", "fields": {"app_label": "db_intro", "model": "author"}}, {"model": "contenttypes.contenttype", "fields": {"app_label": "db_intro", "model": "book"}}, {"model": "contenttypes.contenttype", "fields": {"app_label": "db_intro", "model": "student"}}, {"model": "contenttypes.contenttype", "fields": {"app_label": "db_intro", "model": "course"}}, {"model": "contenttypes.contenttype", "fields": {"app_label": "db_intro", "model": "membership"}}, {"model": "contenttypes.contenttype", "fields": {"app_label": "db_intro", "model": "user"}}, {"model": "contenttypes.contenttype", "fields": {"app_label": "db_intro", "model": "profile"}}, {"model": "contenttypes.contenttype", "fields": {"app_label": "ecommerce", "model": "category"}}, {"model": "contenttypes.contenttype", "fields": {"app_label": "ecommerce", "model": "customer"}}, {"model": "contenttypes.contenttype", "fields": {"app_label": "ecommerce", "model": "product"}}, {"model": "contenttypes.contenttype", "fields": {"app_label": "ecommerce", "model": "order"}}, {"model": "contenttypes.contenttype", "fields": {"app_label": "ecommerce", "model": "simpleorder"}}, {"model": "contenttypes.contenttype", "fields": {"app_label": "book", "model": "book"}}, {"model": "contenttypes.contenttype", "fields": {"app_label": "events", "model": "event"}}, {"model": "contenttypes.contenttype", "fields": {"app_label": "movies", "model": "movie"}}, {"model": "contenttypes.contenttype", "fields": {"app_label": "admin", "model": "logentry"}}, {"model": "contenttypes.contenttype", "fields": {"app_label": "auth", "model": "permission"}}, {"model": "contenttypes.contenttype", "fields": {"app_label": "auth", "model": "group"}}, {"model": "contenttypes.contenttype", "fields": {"app_label": "auth", "model": "user"}}, {"model": "contenttypes.contenttype", "fields": {"app_label": "contenttypes", "model": "contenttype"}}, {"model": "contenttypes.contenttype", "fields": {"app_label": "sessions", "model": "session"}}, {"model": "sessions.session", "pk": "3adts3gcyt7pnvv6q1lpln98ejrzocjv", "fields": {"session_data": ".eJxVjDsOwjAQBe_iGln-rb2mpM8ZrPUnOIAcKU4qxN1JpBTQvpl5bxZoW2vYelnClNmVSXb53SKlZ2kHyA9q95mnua3LFPmh8JN2Psy5vG6n-3dQqde91lFoMiIhWKNgRA1Zp-h0thZBehO9SkAe0BGNZTclOOsKZoVWGWHY5wu_Lja8:1tGEb2:wpIMj-z2U7FNCNad5aX2cuwd-deI4p3pnEvfWyQIPHE", "expire_date": "2024-12-11T09:44:32.775Z"}}, {"model": "sessions.session", "pk": "8oj16293yxyypxkwgl3xh9rlpla7g2zj", "fields": {"session_data": "eyJ0YXNrIjoiZG8gaG9tZXdvcmsifQ:1tBqSy:qX0Avmw7sSLkyWXzzNsYst6dkX9rP1xTRB5CHOEqpRA", "expire_date": "2024-11-29T07:10:04.836Z"}}, {"model": "sessions.session", "pk": "y6yozb7lodb1zc5er5v8a6pobonh7tga", "fields": {"session_data": ".eJxVjDsOwjAQBe_iGln-rb2mpM8ZrPUnOIAcKU4qxN1JpBTQvpl5bxZoW2vYelnClNmVSXb53SKlZ2kHyA9q95mnua3LFPmh8JN2Psy5vG6n-3dQqde91lFoMiIhWKNgRA1Zp-h0thZBehO9SkAe0BGNZTclOOsKZoVWGWHY5wu_Lja8:1tGZ50:HBd9O_xqRz6uEsJodZ5zU896jcei2AnAenDZkbJgIs8", "expire_date": "2024-12-12T07:36:50.200Z"}}, {"model": "auth.permission", "fields": {"name": "Can add blog post", "content_type": ["db_intro", "blogpost"], "codename": "add_blogpost"}}, {"model": "auth.permission", "fields": {"name": "Can change blog post", "content_type": ["db_intro", "blogpost"], "codename": "change_blogpost"}}, {"model": "auth.permission", "fields": {"name": "Can delete blog post", "content_type": ["db_intro", "blogpost"], "codename": "delete_blogpost"}}, {"model": "auth.permission", "fields": {"name": "Can view blog post", "content_type": ["db_intro", "blogpost"], "codename": "view_blogpost"}}, {"model": "auth.permission", "fields": {"name": "Can add author", "content_type": ["db_intro", "author"], "codename": "add_author"}}, {"model": "auth.permission", "fields": {"name": "Can change author", "content_type": ["db_intro", "author"], "codename": "change_author"}}, {"model": "auth.permission", "fields": {"name": "Can delete author", "content_type": ["db_intro", "author"], "codename": "delete_author"}}, {"model": "auth.permission", "fields": {"name": "Can view author", "content_type": ["db_intro", "author"], "codename": "view_author"}}, {"model": "auth.permission", "fields": {"name": "Can add book", "content_type": ["db_intro", "book"], "codename": "add_book"}}, {"model": "auth.permission", "fields": {"name": "Can change book", "content_type": ["db_intro", "book"], "codename": "change_book"}}, {"model": "auth.permission", "fields": {"name": "Can delete book", "content_type": ["db_intro", "book"], "codename": "delete_book"}}, {"model": "auth.permission", "fields": {"name": "Can view book", "content_type": ["db_intro", "book"], "codename": "view_book"}}, {"model": "auth.permission", "fields": {"name": "Can add student", "content_type": ["db_intro", "student"], "codename": "add_student"}}, {"model": "auth.permission", "fields": {"name": "Can change student", "content_type": ["db_intro", "student"], "codename": "change_student"}}, {"model": "auth.permission", "fields": {"name": "Can delete student", "content_type": ["db_intro", "student"], "codename": "delete_student"}}, {"model": "auth.permission", "fields": {"name": "Can view student", "content_type": ["db_intro", "student"], "codename": "view_student"}}, {"model": "auth.permission", "fields": {"name": "Can add course", "content_type": ["db_intro", "course"], "codename": "add_course"}}, {"model": "auth.permission", "fields": {"name": "Can change course", "content_type": ["db_intro", "course"], "codename": "change_course"}}, {"model": "auth.permission", "fields": {"name": "Can delete course", "content_type": ["db_intro", "course"], "codename": "delete_course"}}, {"model": "auth.permission", "fields": {"name": "Can view course", "content_type": ["db_intro", "course"], "codename": "view_course"}}, {"model": "auth.permission", "fields": {"name": "Can add membership", "content_type": ["db_intro", "membership"], "codename": "add_membership"}}, {"model": "auth.permission", "fields": {"name": "Can change membership", "content_type": ["db_intro", "membership"], "codename": "change_membership"}}, {"model": "auth.permission", "fields": {"name": "Can delete membership", "content_type": ["db_intro", "membership"], "codename": "delete_membership"}}, {"model": "auth.permission", "fields": {"name": "Can view membership", "content_type": ["db_intro", "membership"], "codename": "view_membership"}}, {"model": "auth.permission", "fields": {"name": "Can add user", "content_type": ["db_intro", "user"], "codename": "add_user"}}, {"model": "auth.permission", "fields": {"name": "Can change user", "content_type": ["db_intro", "user"], "codename": "change_user"}}, {"model": "auth.permission", "fields": {"name": "Can delete user", "content_type": ["db_intro", "user"], "codename": "delete_user"}}, {"model": "auth.permission", "fields": {"name": "Can view user", "content_type": ["db_intro", "user"], "codename": "view_user"}}, {"model": "auth.permission", "fields": {"name": "Can add profile", "content_type": ["db_intro", "profile"], "codename": "add_profile"}}, {"model": "auth.permission", "fields": {"name": "Can change profile", "content_type": ["db_intro", "profile"], "codename": "change_profile"}}, {"model": "auth.permission", "fields": {"name": "Can delete profile", "content_type": ["db_intro", "profile"], "codename": "delete_profile"}}, {"model": "auth.permission", "fields": {"name": "Can view profile", "content_type": ["db_intro", "profile"], "codename": "view_profile"}}, {"model": "auth.permission", "fields": {"name": "Can add category", "content_type": ["ecommerce", "category"], "codename": "add_category"}}, {"model": "auth.permission", "fields": {"name": "Can change category", "content_type": ["ecommerce", "category"], "codename": "change_category"}}, {"model": "auth.permission", "fields": {"name": "Can delete category", "content_type": ["ecommerce", "category"], "codename": "delete_category"}}, {"model": "auth.permission", "fields": {"name": "Can view category", "content_type": ["ecommerce", "category"], "codename": "view_category"}}, {"model": "auth.permission", "fields": {"name": "Can add customer", "content_type": ["ecommerce", "customer"], "codename": "add_customer"}}, {"model": "auth.permission", "fields": {"name": "Can change customer", "content_type": ["ecommerce", "customer"], "codename": "change_customer"}}, {"model": "auth.permission", "fields": {"name": "Can delete customer", "content_type": ["ecommerce", "customer"], "codename": "delete_customer"}}, {"model": "auth.permission", "fields": {"name": "Can view customer", "content_type": ["ecommerce", "customer"], "codename": "view_customer"}}, {"model": "auth.permission", "fields": {"name": "Can add product", "content_type": ["ecommerce", "product"], "codename": "add_product"}}, {"model": "auth.permission", "fields": {"name": "Can change product", "content_type": ["ecommerce", "product"], "codename": "change_product"}}, {"model": "auth.permission", "fields": {"name": "Can delete product", "content_type": ["ecommerce", "product"], "codename": "delete_product"}}, {"model": "auth.permission", "fields": {"name": "Can view product", "content_type": ["ecommerce", "product"], "codename": "view_product"}}, {"model": "auth.permission", "fields": {"name": "Can add order", "content_type": ["ecommerce", "order"], "codename": "add_order"}}, {"model": "auth.permission", "fields": {"name": "Can change order", "content_type": ["ecommerce", "order"], "codename": "change_order"}}, {"model": "auth.permission", "fields": {"name": "Can delete order", "content_type": ["ecommerce", "order"], "codename": "delete_order"}}, {"model": "auth.permission", "fields": {"name": "Can view order", "content_type": ["ecommerce", "order"], "codename": "view_order"}}, {"model": "auth.permission", "fields": {"name": "Can add simple order", "content_type": ["ecommerce", "simpleorder"], "codename": "add_simpleorder"}}, {"model": "auth.permission", "fields": {"name": "Can change simple order", "content_type": ["ecommerce", "simpleorder"], "codename": "change_simpleorder"}}, {"model": "auth.permission", "fields": {"name": "Can delete simple order", "content_type": ["ecommerce", "simpleorder"], "codename": "delete_simpleorder"}}, {"model": "auth.permission", "fields": {"name": "Can view simple order", "content_type": ["ecommerce", "simpleorder"], "codename": "view_simpleorder"}}, {"model": "auth.permission", "fields": {"name": "Can add book", "content_type": ["book", "book"], "codename": "add_book"}}, {"model": "auth.permission", "fields": {"name": "Can change book", "content_type": ["book", "book"], "codename": "change_book"}}, {"model": "auth.permission", "fields": {"name": "Can delete book", "content_type": ["book", "book"], "codename": "delete_book"}}, {"model": "auth.permission", "fields": {"name": "Can view book", "content_type": ["book", "book"], "codename": "view_book"}}, {"model": "auth.permission", "fields": {"name": "Can add event", "content_type": ["events", "event"], "codename": "add_event"}}, {"model": "auth.permission", "fields": {"name": "Can change event", "content_type": ["events", "event"], "codename": "change_event"}}, {"model": "auth.permission", "fields": {"name": "Can delete event", "content_type": ["events", "event"], "codename": "delete_event"}}, {"model": "auth.permission", "fields": {"name": "Can view event", "content_type": ["events", "event"], "codename": "view_event"}}, {"model": "auth.permission", "fields": {"name": "Can add movie", "content_type": ["movies", "movie"], "codename": "add_movie"}}, {"model": "auth.permission", "fields": {"name": "Can change movie", "content_type": ["movies", "movie"], "codename": "change_movie"}}, {"model": "auth.permission", "fields": {"name": "Can delete movie", "content_type": ["movies", "movie"], "codename": "delete_movie"}}, {"model": "auth.permission", "fields": {"name": "Can view movie", "content_type": ["movies", "movie"], "codename": "view_movie"}}, {"model": "auth.permission", "fields": {"name": "Can add log entry", "content_type": ["admin", "logentry"], "codename": "add_logentry"}}, {"model": "auth.permission", "fields": {"name": "Can change log entry", "content_type": ["admin", "logentry"], "codename": "change_logentry"}}, {"model": "auth.permission", "fields": {"name": "Can delete log entry", "content_type": ["admin", "logentry"], "codename": "delete_logentry"}}, {"model": "auth.permission", "fields": {"name": "Can view log entry", "content_type": ["admin", "logentry"], "codename": "view_logentry"}}, {"model": "auth.permission", "fields": {"name": "Can add permission", "content_type": ["auth", "permission"], "codename": "add_permission"}}, {"model": "auth.permission", "fields": {"name": "Can change permission", "content_type": ["auth", "permission"], "codename": "change_permission"}}, {"model": "auth.permission", "fields": {"name": "Can delete permission", "content_type": ["auth", "permission"], "codename": "delete_permission"}}, {"model": "auth.permission", "fields": {"name": "Can view permission", "content_type": ["auth", "permission"], "codename": "view_permission"}}, {"model": "auth.permission", "fields": {"name": "Can add group", "content_type": ["auth", "group"], "codename": "add_group"}}, {"model": "auth.permission", "fields": {"name": "Can change group", "content_type": ["auth", "group"], "codename": "change_group"}}, {"model": "auth.permission", "fields": {"name": "Can delete group", "content_type": ["auth", "group"], "codename": "delete_group"}}, {"model": "auth.permission", "fields": {"name": "Can view group", "content_type": ["auth", "group"], "codename": "view_group"}}, {"model": "auth.permission", "fields": {"name": "Can add user", "content_type": ["auth", "user"], "codename": "add_user"}}, {"model": "auth.permission", "fields": {"name": "Can change user", "content_type": ["auth", "user"], "codename": "change_user"}}, {"model": "auth.permission", "fields": {"name": "Can delete user", "content_type": ["auth", "user"], "codename": "delete_user"}}, {"model": "auth.permission", "fields": {"name": "Can view user", "content_type": ["auth", "user"], "codename": "view_user"}}, {"model": "auth.permission", "fields": {"name": "Can add content type", "content_type": ["contenttypes", "contenttype"], "codename": "add_contenttype"}}, {"model": "auth.permission", "fields": {"name": "Can change content type", "content_type": ["contenttypes", "contenttype"], "codename": "change_contenttype"}}, {"model": "auth.permission", "fields": {"name": "Can delete content type", "content_type": ["contenttypes", "contenttype"], "codename": "delete_contenttype"}}, {"model": "auth.permission", "fields": {"name": "Can view content type", "content_type": ["contenttypes", "contenttype"], "codename": "view_contenttype"}}, {"model": "auth.permission", "fields": {"name": "Can add session", "content_type": ["sessions", "session"], "codename": "add_session"}}, {"model": "auth.permission", "fields": {"name": "Can change session", "content_type": ["sessions", "session"], "codename": "change_session"}}, {"model": "auth.permission", "fields": {"name": "Can delete session", "content_type": ["sessions", "session"], "codename": "delete_session"}}, {"model": "auth.permission", "fields": {"name": "Can view session", "content_type": ["sessions", "session"], "codename": "view_session"}}, {"model": "auth.user", "fields": {"password": "pbkdf2_sha256$870000$icYpyW9UlhsDJO9iGlxy3G$jo3IlzaAjn9641vLKQptic+THOoybRRiuVPQqVIszXs=", "last_login": "2024-11-28T07:36:50.199Z", "is_superuser": true, "username": "admin", "first_name": "", "last_name": "", "email": "admin@intro.com", "is_staff": true, "is_active": true, "date_joined": "2024-11-26T07:13:33.579Z", "groups": [], "user_permissions": []}}, {"model": "auth.user", "fields": {"password": "pbkdf2_sha256$870000$qN2Tcg1sTHF5S3IVaSlZQD$dOy3yU23yxvWZz+seK6UrYRXdw6y9TDR6KkapdJj6xQ=", "last_login": "2024-11-26T08:25:05.586Z", "is_superuser": false, "username": "sebastian", "first_name": "", "last_name": "", "email": "seb@seb.de", "is_staff": false, "is_active": true, "date_joined": "2024-11-26T08:01:36.364Z", "groups": [], "user_permissions": []}}, {"model": "auth.user", "fields": {"password": "pbkdf2_sha256$870000$ulr7N0gPJP2hKGbkq7yWdi$LogNjbufJSFsn/bz93bc/W138cr/1RWMwqxghPPA4zc=", "last_login": "2024-11-28T07:36:35.722Z", "is_superuser": false, "username": "eric", "first_name": "", "last_name": "", "email": "eric@eric.net", "is_staff": false, "is_active": true, "date_joined": "2024-11-27T08:12:48.504Z", "groups": [], "user_permissions": []}}, {"model": "auth.user", "fields": {"password": "pbkdf2_sha256$870000$NBIMBrYMHJo0hdJtqnAZfs$Z6d4hNJqMEnc4b2ceyWg8xdXsziH56KKCu0cnrTmq2c=", "last_login": "2024-11-28T07:36:23.575Z", "is_superuser": false, "username": "sabine", "first_name": "", "last_name": "", "email": "sab@sab.net", "is_staff": false, "is_active": true, "date_joined": "2024-11-27T08:56:50.195Z", "groups": [], "user_permissions": []}}, {"model": "movies.movie", "pk": 1, "fields": {"user": ["admin"], "title": "Inception", "director": "Christoper Nolan", "release_year": 2010, "genre": "SCIFI", "imdb_url": "https://www.imdb.com/title/tt1375666/"}}, {"model": "movies.movie", "pk": 2, "fields": {"user": ["eric"], "title": "Matrix", "director": "Wachowsky Sisters", "release_year": 1999, "genre": "SCIFI", "imdb_url": "https://www.imdb.com/title/tt0133093/?ref_=fn_al_tt_1"}}, {"model": "movies.movie", "pk": 3, "fields": {"user": ["eric"], "title": "The Big Lebowsky", "director": "Coen Bros", "release_year": 1998, "genre": "DRAMA", "imdb_url": null}}, {"model": "movies.movie", "pk": 4, "fields": {"user": ["admin"], "title": "Star Wars", "director": "George Lucas", "release_year": 1977, "genre": "SCIFI", "imdb_url": "https://www.imdb.com/title/tt0076759/?ref_=fn_al_tt_1"}}, {"model": "movies.movie", "pk": 5, "fields": {"user": ["sabine"], "title": "Notting Hill", "director": "Roger Mitchell", "release_year": 1999, "genre": "ROMANCE", "imdb_url": "https://www.imdb.com/title/tt0125439/?ref_=fn_al_tt_1"}}, {"model": "movies.movie", "pk": 6, "fields": {"user": ["admin"], "title": "Star Trek - First Contact", "director": "Sebastian Gaus", "release_year": 1998, "genre": "SCIFI", "imdb_url": null}}]